Workbook

Sheet Inputs
A1: Koh Tao – Standard Value KPI (2567 vs 2568) | All-in Cost, Fuel Intensity, Cost Breakdown
A2: Definitions: Total Cost = Fuel Cost + Rental + Maintenance + Other All-in Cost (THB/kWh) = Total Cost / Energy (kWh) Fuel Intensity (L/kWh) = Fuel (L) / Energy (kWh)
A4: Month (TH) | B4: Month | C4: Fuel (L) 2567 | D4: Fuel Cost (THB) 2567 | E4: Energy (kWh) 2567 | F4: Rental (THB) 2567 | G4: Maint. (THB) 2567 | H4: Other (THB) 2567 | I4: Total Cost (THB) 2567 | J4: All-in (THB/kWh) 2567 | K4: Fuel Intensity (L/kWh) 2567 | L4: Total Cost (M THB) 2567 | M4: Fuel (L) 2568 | N4: Fuel Cost (THB) 2568 | O4: Energy (kWh) 2568 | P4: Rental (THB) 2568 | Q4: Maint. (THB) 2568 | R4: Other (THB) 2568 | S4: Total Cost (THB) 2568 | T4: All-in (THB/kWh) 2568 | U4: Fuel Intensity (L/kWh) 2568 | V4: Total Cost (M THB) 2568 | W4: Δ Total Cost (THB) | X4: Δ All-in (THB/kWh) | Y4: Δ Fuel Intensity (L/kWh)
A5: มกราคม | B5: Jan | C5: 1072597 | D5: 37540895 | E5: 3686134 | F5: 1850000 | G5: 21220 | H5: 409256 | I5: =D5+F5+G5+H5 | J5: =IFERROR(I5/E5,0) | K5: =IFERROR(C5/E5,0) | L5: =I5/1000000 | M5: 1169527 | N5: 40933445 | O5: 3992188 | P5: 1848000 | Q5: 0 | R5: 323471 | S5: =N5+P5+Q5+R5 | T5: =IFERROR(S5/O5,0) | U5: =IFERROR(M5/O5,0) | V5: =S5/1000000 | W5: =S5-I5 | X5: =T5-J5 | Y5: =U5-K5
A6: กุมภาพันธ์ | B6: Feb | C6: 1110275 | D6: 38859625 | E6: 3823863.6 | F6: 1850000 | G6: 0 | H6: 513250 | I6: =D6+F6+G6+H6 | J6: =IFERROR(I6/E6,0) | K6: =IFERROR(C6/E6,0) | L6: =I6/1000000 | M6: 1082391 | N6: 37883685 | O6: 3716275.5 | P6: 1848000 | Q6: 379023.74 | R6: 370779 | S6: =N6+P6+Q6+R6 | T6: =IFERROR(S6/O6,0) | U6: =IFERROR(M6/O6,0) | V6: =S6/1000000 | W6: =S6-I6 | X6: =T6-J6 | Y6: =U6-K6
A7: มีนาคม | B7: Mar | C7: 1352019 | D7: 47320665 | E7: 4647498.7 | F7: 1850000 | G7: 0 | H7: 484291 | I7: =D7+F7+G7+H7 | J7: =IFERROR(I7/E7,0) | K7: =IFERROR(C7/E7,0) | L7: =I7/1000000 | M7: 1334871 | N7: 46720485 | O7: 4670596.9 | P7: 1848000 | Q7: 299.6 | R7: 321161 | S7: =N7+P7+Q7+R7 | T7: =IFERROR(S7/O7,0) | U7: =IFERROR(M7/O7,0) | V7: =S7/1000000 | W7: =S7-I7 | X7: =T7-J7 | Y7: =U7-K7
A8: เมษายน | B8: Apr | C8: 1423929 | D8: 49837515 | E8: 4892890.5 | F8: 1850000 | G8: 20000 | H8: 525955 | I8: =D8+F8+G8+H8 | J8: =IFERROR(I8/E8,0) | K8: =IFERROR(C8/E8,0) | L8: =I8/1000000 | M8: 1375203 | N8: 48132105 | O8: 4630957.3 | P8: 1848000 | Q8: 87381 | R8: 359561 | S8: =N8+P8+Q8+R8 | T8: =IFERROR(S8/O8,0) | U8: =IFERROR(M8/O8,0) | V8: =S8/1000000 | W8: =S8-I8 | X8: =T8-J8 | Y8: =U8-K8
A9: พฤษภาคม | B9: May | C9: 1338059 | D9: 46832065 | E9: 4595579.4 | F9: 1850000 | G9: 0 | H9: 544185 | I9: =D9+F9+G9+H9 | J9: =IFERROR(I9/E9,0) | K9: =IFERROR(C9/E9,0) | L9: =I9/1000000 | M9: 1245931 | N9: 43607585 | O9: 4301887 | P9: 1848000 | Q9: 20650 | R9: 331897 | S9: =N9+P9+Q9+R9 | T9: =IFERROR(S9/O9,0) | U9: =IFERROR(M9/O9,0) | V9: =S9/1000000 | W9: =S9-I9 | X9: =T9-J9 | Y9: =U9-K9
A10: มิถุนายน | B10: Jun | C10: 1130109 | D10: 39553815 | E10: 3894982 | F10: 1850000 | G10: 36016 | H10: 563841 | I10: =D10+F10+G10+H10 | J10: =IFERROR(I10/E10,0) | K10: =IFERROR(C10/E10,0) | L10: =I10/1000000 | M10: 1134880 | N10: 39720800 | O10: 3939876.7 | P10: 1848000 | Q10: 6715 | R10: 427853 | S10: =N10+P10+Q10+R10 | T10: =IFERROR(S10/O10,0) | U10: =IFERROR(M10/O10,0) | V10: =S10/1000000 | W10: =S10-I10 | X10: =T10-J10 | Y10: =U10-K10
A11: กรกฎาคม | B11: Jul | C11: 1237505 | D11: 43312675 | E11: 4260420.9 | F11: 1849000 | G11: 83883 | H11: 515374 | I11: =D11+F11+G11+H11 | J11: =IFERROR(I11/E11,0) | K11: =IFERROR(C11/E11,0) | L11: =I11/1000000 | M11: 1152470 | N11: 40336450 | O11: 3883957.5 | P11: 1848000 | Q11: 179 | R11: 447003 | S11: =N11+P11+Q11+R11 | T11: =IFERROR(S11/O11,0) | U11: =IFERROR(M11/O11,0) | V11: =S11/1000000 | W11: =S11-I11 | X11: =T11-J11 | Y11: =U11-K11
A12: สิงหาคม | B12: Aug | C12: 1355800 | D12: 47453000 | E12: 5011388.9 | F12: 1849000 | G12: 13000 | H12: 533843 | I12: =D12+F12+G12+H12 | J12: =IFERROR(I12/E12,0) | K12: =IFERROR(C12/E12,0) | L12: =I12/1000000 | M12: 1056446.8 | N12: 36975638 | O12: 3768636.1 | P12: 1848000 | Q12: 65820 | R12: 389529 | S12: =N12+P12+Q12+R12 | T12: =IFERROR(S12/O12,0) | U12: =IFERROR(M12/O12,0) | V12: =S12/1000000 | W12: =S12-I12 | X12: =T12-J12 | Y12: =U12-K12
A13: กันยายน | B13: Sep | C13: 1096326 | D13: 38371410 | E13: 3744024.9 | F13: 1849000 | G13: 86640 | H13: 403001 | I13: =D13+F13+G13+H13 | J13: =IFERROR(I13/E13,0) | K13: =IFERROR(C13/E13,0) | L13: =I13/1000000 | M13: 689541 | N13: 24133935 | O13: 2437076.9 | P13: 1848000 | Q13: 89000 | R13: 437840 | S13: =N13+P13+Q13+R13 | T13: =IFERROR(S13/O13,0) | U13: =IFERROR(M13/O13,0) | V13: =S13/1000000 | W13: =S13-I13 | X13: =T13-J13 | Y13: =U13-K13
A14: ตุลาคม | B14: Oct | C14: 1050478 | D14: 36766730 | E14: 3708245.9 | F14: 1849000 | G14: 6430 | H14: 357345 | I14: =D14+F14+G14+H14 | J14: =IFERROR(I14/E14,0) | K14: =IFERROR(C14/E14,0) | L14: =I14/1000000 | M14: 580650 | N14: 20322750 | O14: 2009742.7 | P14: 1848000 | Q14: 2960 | R14: 504179 | S14: =N14+P14+Q14+R14 | T14: =IFERROR(S14/O14,0) | U14: =IFERROR(M14/O14,0) | V14: =S14/1000000 | W14: =S14-I14 | X14: =T14-J14 | Y14: =U14-K14
A15: พฤศจิกายน | B15: Nov | C15: 978803 | D15: 34258105 | E15: 3285198.5 | F15: 1849000 | G15: 40460 | H15: 405798 | I15: =D15+F15+G15+H15 | J15: =IFERROR(I15/E15,0) | K15: =IFERROR(C15/E15,0) | L15: =I15/1000000 | M15: 262273.42 | N15: 9179569.7 | O15: 911185.7 | P15: 1848000 | Q15: 1009829.5 | R15: 526148 | S15: =N15+P15+Q15+R15 | T15: =IFERROR(S15/O15,0) | U15: =IFERROR(M15/O15,0) | V15: =S15/1000000 | W15: =S15-I15 | X15: =T15-J15 | Y15: =U15-K15
A16: ธันวาคม | B16: Dec | C16: 1046974 | D16: 36644090 | E16: 3600948.8 | F16: 1849000 | G16: 17645 | H16: 283965 | I16: =D16+F16+G16+H16 | J16: =IFERROR(I16/E16,0) | K16: =IFERROR(C16/E16,0) | L16: =I16/1000000 | M16: 321539 | N16: 11253865 | O16: 1115485.2 | P16: 1848000 | Q16: 3300 | R16: 429529 | S16: =N16+P16+Q16+R16 | T16: =IFERROR(S16/O16,0) | U16: =IFERROR(M16/O16,0) | V16: =S16/1000000 | W16: =S16-I16 | X16: =T16-J16 | Y16: =U16-K16
A17: รวม | B17: Total | C17: =SUM(C5:C16) | D17: =SUM(D5:D16) | E17: =SUM(E5:E16) | F17: =SUM(F5:F16) | G17: =SUM(G5:G16) | H17: =SUM(H5:H16) | I17: =SUM(I5:I16) | J17: =IFERROR(I17/E17,0) | K17: =IFERROR(C17/E17,0) | L17: =SUM(L5:L16) | M17: =SUM(M5:M16) | N17: =SUM(N5:N16) | O17: =SUM(O5:O16) | P17: =SUM(P5:P16) | Q17: =SUM(Q5:Q16) | R17: =SUM(R5:R16) | S17: =SUM(S5:S16) | T17: =IFERROR(S17/O17,0) | U17: =IFERROR(M17/O17,0) | V17: =SUM(V5:V16) | W17: =SUM(W5:W16) | X17: =T17-J17 | Y17: =U17-K17

Sheet Summary_Improvement ปึ 67 vs 68
A1: Annual KPI Summary
A3: Metric | B3: 2567 | C3: 2568 | D3: Δ (2568-2567) | E3: %Δ vs 2567
A4: Energy (GWh) | B4: =Inputs!E17/1000000 | C4: =Inputs!O17/1000000 | D4: =C4-B4 | E4: =IFERROR(D4/B4,0)
A5: Fuel (Million L) | B5: =Inputs!C17/1000000 | C5: =Inputs!M17/1000000 | D5: =C5-B5 | E5: =IFERROR(D5/B5,0)
A6: Fuel cost (Million THB) | B6: =Inputs!D17/1000000 | C6: =Inputs!N17/1000000 | D6: =C6-B6 | E6: =IFERROR(D6/B6,0)
A7: Rental (Million THB) | B7: =Inputs!F17/1000000 | C7: =Inputs!P17/1000000 | D7: =C7-B7 | E7: =IFERROR(D7/B7,0)
A8: Maintenance (Million THB) | B8: =Inputs!G17/1000000 | C8: =Inputs!Q17/1000000 | D8: =C8-B8 | E8: =IFERROR(D8/B8,0)
A9: Other (Million THB) | B9: =Inputs!H17/1000000 | C9: =Inputs!R17/1000000 | D9: =C9-B9 | E9: =IFERROR(D9/B9,0)
A10: Total cost (Million THB) | B10: =Inputs!I17/1000000 | C10: =Inputs!S17/1000000 | D10: =C10-B10 | E10: =IFERROR(D10/B10,0)
A11: All-in cost (THB/kWh) | B11: =Inputs!J17 | C11: =Inputs!T17 | D11: =C11-B11 | E11: =IFERROR(D11/B11,0)
A12: Fuel intensity (L/kWh) | B12: =Inputs!K17 | C12: =Inputs!U17 | D12: =C12-B12 | E12: =IFERROR(D12/B12,0)

Sheet Charts
A1: Standard Value Charts (2567 vs 2568)
A60: 4) Cost Breakdown (Annual, Million THB)
A62: Year | B62: Fuel | C62: Rental | D62: Maintenance | E62: Other
A63: 2567 | B63: =Inputs!D17/1000000 | C63: =Inputs!F17/1000000 | D63: =Inputs!G17/1000000 | E63: =Inputs!H17/1000000
A64: 2568 | B64: =Inputs!N17/1000000 | C64: =Inputs!P17/1000000 | D64: =Inputs!Q17/1000000 | E64: =Inputs!R17/1000000

Sheet Exec_Summary
A1: KPI | B1: Value
A2: Dispatch file (EMS) | B2: E:\#NR_TRAINING BY CHINA\Python EMS\Import_Grid_P_2024\out_kotao_2569\KoTao_Dispatch_GroupAB_2569_v3.xlsx
A3: Template file | B3: E:\#NR_TRAINING BY CHINA\Python EMS\Import_Grid_P_2024\out_kotao_2569\KoTao_StandardValue_Charts.xlsx
A4: Baseline year | B4: 2568
A5: Baseline fuel cost (THB) | B5: 3.9920031e+08
A6: Baseline DG energy (kWh) | B6: 39377866
A7: Baseline fuel cost proxy (THB/kWh) | B7: 10.137683
A8: EMS year | B8: 2569
A9: EMS all-in / fuel-cost proxy (THB/kWh) | B9: 10.120418
A10: EMS DG energy (kWh) | B10: 19735898
A11: EMS fuel cost (THB) | B11: 1.9973553e+08
A12: Saving (THB) | B12: 1.9946478e+08
A13: Saving (%) | B13: 49.966088

Sheet Monthly
A1: Month | B1: Month_TH | C1: Month_EN | D1: DG_MWh_base | E1: DG_kWh_base | F1: Fuel_L_base | G1: FuelCost_THB_base | H1: DG_MWh_ems | I1: DG_kWh_ems | J1: Fuel_L_ems | K1: FuelCost_THB_ems | L1: Saving_THB | M1: Saving_pct | N1: AllIn_ems
A2: 1 | B2: มกราคม | C2: Jan | D2: 3992.188 | E2: 3992188 | F2: 1169527 | G2: 40933445 | H2: 508.79318 | I2: 508793.18 | J2: 149390.27 | K2: 5149199.7 | L2: 35784245 | M2: 87.420556 | N2: 10.120418
A3: 2 | B3: กุมภาพันธ์ | C3: Feb | D3: 3716.2755 | E3: 3716275.5 | F3: 1082391 | G3: 37883685 | H3: 1296.0744 | I3: 1296074.4 | J3: 381156.04 | K3: 13116815 | L3: 24766870 | M3: 65.376086 | N3: 10.120418
A4: 3 | B4: มีนาคม | C4: Mar | D4: 4670.5969 | E4: 4670596.9 | F4: 1334871 | G4: 46720485 | H4: 2175.5332 | I4: 2175533.2 | J4: 640724 | K4: 22017305 | L4: 24703180 | M4: 52.874409 | N4: 10.120418
A5: 4 | B5: เมษายน | C5: Apr | D5: 4630.9573 | E5: 4630957.3 | F5: 1375203 | G5: 48132105 | H5: 2269.4887 | I5: 2269488.7 | J5: 669119.1 | K5: 22968174 | L5: 25163931 | M5: 52.280968 | N5: 10.120418
A6: 5 | B6: พฤษภาคม | C6: May | D6: 4301.887 | E6: 4301887 | F6: 1245931 | G6: 43607585 | H6: 1547.8722 | I6: 1547872.2 | J6: 455312.13 | K6: 15665113 | L6: 27942472 | M6: 64.07709 | N6: 10.120418
A7: 6 | B7: มิถุนายน | C7: Jun | D7: 3939.8767 | E7: 3939876.7 | F7: 1134880 | G7: 39720800 | H7: 1599.2586 | I7: 1599258.6 | J7: 470198.06 | K7: 16185166 | L7: 23535634 | M7: 59.25267 | N7: 10.120418
A8: 7 | B8: กรกฎาคม | C8: Jul | D8: 3883.9575 | E8: 3883957.5 | F8: 1152470 | G8: 40336450 | H8: 3069.5 | I8: 3069500 | J8: 906822.75 | K8: 31064623 | L8: 9271827.1 | M8: 22.986225 | N8: 10.120418
A9: 8 | B9: สิงหาคม | C9: Aug | D9: 3768.6361 | E9: 3768636.1 | F9: 1056446.8 | G9: 36975638 | H9: 2566.9275 | I9: 2566927.5 | J9: 757735.74 | K9: 25978379 | L9: 10997259 | M9: 29.741905 | N9: 10.120418
A10: 9 | B10: กันยายน | C10: Sep | D10: 2437.0769 | E10: 2437076.9 | F10: 689541 | G10: 24133935 | H10: 1624.5425 | I10: 1624542.5 | J10: 478253.87 | K10: 16441049 | L10: 7692885.9 | M10: 31.875804 | N10: 10.120418
A11: 10 | B11: ตุลาคม | C11: Oct | D11: 2009.7427 | E11: 2009742.7 | F11: 580650 | G11: 20322750 | H11: 1080.615 | I11: 1080615 | J11: 317911.34 | K11: 10936275 | L11: 9386474.5 | M11: 46.18703 | N11: 10.120418
A12: 11 | B12: พฤศจิกายน | C12: Nov | D12: 911.1857 | E12: 911185.7 | F12: 262273.42 | G12: 9179569.7 | H12: 496.425 | I12: 496425 | J12: 146243.38 | K12: 5024028.5 | L12: 4155541.2 | M12: 45.269455 | N12: 10.120418
A13: 12 | B13: ธันวาคม | C13: Dec | D13: 1115.4852 | E13: 1115485.2 | F13: 321539 | G13: 11253865 | H13: 1500.8675 | I13: 1500867.5 | J13: 442513.81 | K13: 15189406 | L13: -3935541.4 | M13: -34.970576 | N13: 10.120418

Sheet TypicalDay_PeakMonth
A1: Datetime | B1: P_115kV_Current_MW | C1: Limit_115kV_MW | D1: Headroom_115kV_MW | E1: Load_KoTao_MW | F1: need_B_raw | G1: DG_state | H1: Mode_raw | I1: Mode_final | J1: Sub_MW | K1: DG_NamSaeng_MW | L1: DG_PEA_MW | M1: DG_Mobile_MW | N1: DG_Total_MW | O1: LoadShed_MW | P1: DG_PEA_unit1_MW | Q1: DG_PEA_unit2_MW | R1: DG_PEA_unit3_MW | S1: DG_PEA_unit4_MW | T1: DG_PEA_unit5_MW | U1: DG_PEA_unit6_MW | V1: PEA_units_on | W1: DG_Mobile_unit1_MW | X1: DG_Mobile_unit2_MW | Y1: Mobile_units_on | Z1: Fuel_L | AA1: Fuel_Idle_L | AB1: Fuel_Load_L | AC1: FuelCost_THB | AD1: DG_kWh | AE1: AllIn_THB_per_kWh | AF1: FuelCostProxy_THB
A2: 46016 | B2: 48.09 | C2: 64.1 | D2: 16.01 | E2: 5.39 | F2: FALSE | G2: FALSE | H2: A | I2: A | J2: 5.39 | K2: 0 | L2: 0 | M2: 0 | N2: 0 | O2: 0 | P2: 0 | Q2: 0 | R2: 0 | S2: 0 | T2: 0 | U2: 0 | V2: 0 | W2: 0 | X2: 0 | Y2: 0 | Z2: 0 | AA2: 0 | AB2: 0 | AC2: 0 | AD2: 0 | AE2: 10.12 | AF2: 0
A3: 46016.01 | B3: 46.54 | C3: 64.1 | D3: 17.56 | E3: 5.28 | F3: FALSE | G3: FALSE | H3: A | I3: A | J3: 5.28 | K3: 0 | L3: 0 | M3: 0 | N3: 0 | O3: 0 | P3: 0 | Q3: 0 | R3: 0 | S3: 0 | T3: 0 | U3: 0 | V3: 0 | W3: 0 | X3: 0 | Y3: 0 | Z3: 0 | AA3: 0 | AB3: 0 | AC3: 0 | AD3: 0 | AE3: 10.12 | AF3: 0
A4: 46016.021 | B4: 45.44 | C4: 64.1 | D4: 18.66 | E4: 5.18 | F4: FALSE | G4: FALSE | H4: A | I4: A | J4: 5.18 | K4: 0 | L4: 0 | M4: 0 | N4: 0 | O4: 0 | P4: 0 | Q4: 0 | R4: 0 | S4: 0 | T4: 0 | U4: 0 | V4: 0 | W4: 0 | X4: 0 | Y4: 0 | Z4: 0 | AA4: 0 | AB4: 0 | AC4: 0 | AD4: 0 | AE4: 10.12 | AF4: 0
A5: 46016.031 | B5: 44.48 | C5: 64.1 | D5: 19.62 | E5: 5.13 | F5: FALSE | G5: FALSE | H5: A | I5: A | J5: 5.13 | K5: 0 | L5: 0 | M5: 0 | N5: 0 | O5: 0 | P5: 0 | Q5: 0 | R5: 0 | S5: 0 | T5: 0 | U5: 0 | V5: 0 | W5: 0 | X5: 0 | Y5: 0 | Z5: 0 | AA5: 0 | AB5: 0 | AC5: 0 | AD5: 0 | AE5: 10.12 | AF5: 0
A6: 46016.042 | B6: 44 | C6: 64.1 | D6: 20.1 | E6: 5.13 | F6: FALSE | G6: FALSE | H6: A | I6: A | J6: 5.13 | K6: 0 | L6: 0 | M6: 0 | N6: 0 | O6: 0 | P6: 0 | Q6: 0 | R6: 0 | S6: 0 | T6: 0 | U6: 0 | V6: 0 | W6: 0 | X6: 0 | Y6: 0 | Z6: 0 | AA6: 0 | AB6: 0 | AC6: 0 | AD6: 0 | AE6: 10.12 | AF6: 0
A7: 46016.052 | B7: 42.96 | C7: 64.1 | D7: 21.14 | E7: 4.98 | F7: FALSE | G7: FALSE | H7: A | I7: A | J7: 4.98 | K7: 0 | L7: 0 | M7: 0 | N7: 0 | O7: 0 | P7: 0 | Q7: 0 | R7: 0 | S7: 0 | T7: 0 | U7: 0 | V7: 0 | W7: 0 | X7: 0 | Y7: 0 | Z7: 0 | AA7: 0 | AB7: 0 | AC7: 0 | AD7: 0 | AE7: 10.12 | AF7: 0
A8: 46016.062 | B8: 42.03 | C8: 64.1 | D8: 22.07 | E8: 4.89 | F8: FALSE | G8: FALSE | H8: A | I8: A | J8: 4.89 | K8: 0 | L8: 0 | M8: 0 | N8: 0 | O8: 0 | P8: 0 | Q8: 0 | R8: 0 | S8: 0 | T8: 0 | U8: 0 | V8: 0 | W8: 0 | X8: 0 | Y8: 0 | Z8: 0 | AA8: 0 | AB8: 0 | AC8: 0 | AD8: 0 | AE8: 10.12 | AF8: 0
A9: 46016.073 | B9: 41.53 | C9: 64.1 | D9: 22.57 | E9: 4.88 | F9: FALSE | G9: FALSE | H9: A | I9: A | J9: 4.88 | K9: 0 | L9: 0 | M9: 0 | N9: 0 | O9: 0 | P9: 0 | Q9: 0 | R9: 0 | S9: 0 | T9: 0 | U9: 0 | V9: 0 | W9: 0 | X9: 0 | Y9: 0 | Z9: 0 | AA9: 0 | AB9: 0 | AC9: 0 | AD9: 0 | AE9: 10.12 | AF9: 0
A10: 46016.083 | B10: 40.64 | C10: 64.1 | D10: 23.46 | E10: 4.88 | F10: FALSE | G10: FALSE | H10: A | I10: A | J10: 4.88 | K10: 0 | L10: 0 | M10: 0 | N10: 0 | O10: 0 | P10: 0 | Q10: 0 | R10: 0 | S10: 0 | T10: 0 | U10: 0 | V10: 0 | W10: 0 | X10: 0 | Y10: 0 | Z10: 0 | AA10: 0 | AB10: 0 | AC10: 0 | AD10: 0 | AE10: 10.12 | AF10: 0
A11: 46016.094 | B11: 48.82 | C11: 64.1 | D11: 15.28 | E11: 4.89 | F11: FALSE | G11: FALSE | H11: A | I11: A | J11: 4.89 | K11: 0 | L11: 0 | M11: 0 | N11: 0 | O11: 0 | P11: 0 | Q11: 0 | R11: 0 | S11: 0 | T11: 0 | U11: 0 | V11: 0 | W11: 0 | X11: 0 | Y11: 0 | Z11: 0 | AA11: 0 | AB11: 0 | AC11: 0 | AD11: 0 | AE11: 10.12 | AF11: 0
A12: 46016.104 | B12: 48.24 | C12: 64.1 | D12: 15.86 | E12: 4.75 | F12: FALSE | G12: FALSE | H12: A | I12: A | J12: 4.75 | K12: 0 | L12: 0 | M12: 0 | N12: 0 | O12: 0 | P12: 0 | Q12: 0 | R12: 0 | S12: 0 | T12: 0 | U12: 0 | V12: 0 | W12: 0 | X12: 0 | Y12: 0 | Z12: 0 | AA12: 0 | AB12: 0 | AC12: 0 | AD12: 0 | AE12: 10.12 | AF12: 0
A13: 46016.115 | B13: 47.64 | C13: 64.1 | D13: 16.46 | E13: 4.88 | F13: FALSE | G13: FALSE | H13: A | I13: A | J13: 4.88 | K13: 0 | L13: 0 | M13: 0 | N13: 0 | O13: 0 | P13: 0 | Q13: 0 | R13: 0 | S13: 0 | T13: 0 | U13: 0 | V13: 0 | W13: 0 | X13: 0 | Y13: 0 | Z13: 0 | AA13: 0 | AB13: 0 | AC13: 0 | AD13: 0 | AE13: 10.12 | AF13: 0
... A97: 46016.99 | B97: 57.21 | C97: 64.1 | D97: 6.89 | E97: 6.34 | F97: FALSE | G97: TRUE | H97: A | I97: B | J97: 0.34 | K97: 5 | L97: 1 | M97: 0 | N97: 6 | O97: 0 | P97: 1 | Q97: 0 | R97: 0 | S97: 0 | T97: 0 | U97: 0 | V97: 1 | W97: 0 | X97: 0 | Y97: 0 | Z97: 441.03 | AA97: 50.61 | AB97: 390.42 | AC97: 16520.984 | AD97: 1500 | AE97: 10.12 | AF97: 15180
