Workbook

Sheet Inputs
A1: Koh Tao – Standard Value KPI (2567 vs 2568) | All-in Cost, Fuel Intensity, Cost Breakdown
A2: Definitions: Total Cost = Fuel Cost + Rental + Maintenance + Other All-in Cost (THB/kWh) = Total Cost / Energy (kWh) Fuel Intensity (L/kWh) = Fuel (L) / Energy (kWh)
A4: Month (TH) | B4: Month | C4: Fuel (L) 2567 | D4: Fuel Cost (THB) 2567 | E4: Energy (kWh) 2567 | F4: Rental (THB) 2567 | G4: Maint. (THB) 2567 | H4: Other (THB) 2567 | I4: Total Cost (THB) 2567 | J4: All-in (THB/kWh) 2567 | K4: Fuel Intensity (L/kWh) 2567 | L4: Total Cost (M THB) 2567 | M4: Fuel (L) 2568 | N4: Fuel Cost (THB) 2568 | O4: Energy (kWh) 2568 | P4: Rental (THB) 2568 | Q4: Maint. (THB) 2568 | R4: Other (THB) 2568 | S4: Total Cost (THB) 2568 | T4: All-in (THB/kWh) 2568 | U4: Fuel Intensity (L/kWh) 2568 | V4: Total Cost (M THB) 2568 | W4: Δ Total Cost (THB) | X4: Δ All-in (THB/kWh) | Y4: Δ Fuel Intensity (L/kWh)
A5: มกราคม | B5: Jan | C5: 1072597 | D5: 37540895 | E5: 3686134 | F5: 1850000 | G5: 21220 | H5: 409256 | I5: =D5+F5+G5+H5 -> 39821371 | J5: =IFERROR(I5/E5,0) -> 10.803018 | K5: =IFERROR(C5/E5,0) -> 0.29098155 | L5: =I5/1000000 -> 39.821371 | M5: 1169527 | N5: 40933445 | O5: 3992188 | P5: 1848000 | Q5: 0 | R5: 323471 | S5: =N5+P5+Q5+R5 -> 43104916 | T5: =IFERROR(S5/O5,0) -> 10.797316 | U5: =IFERROR(M5/O5,0) -> 0.29295389 | V5: =S5/1000000 -> 43.104916 | W5: =S5-I5 -> 3283545 | X5: =T5-J5 -> -0.0057015832 | Y5: =U5-K5 -> 0.0019723348
A6: กุมภาพันธ์ | B6: Feb | C6: 1110275 | D6: 38859625 | E6: 3823863.6 | F6: 1850000 | G6: 0 | H6: 513250 | I6: =D6+F6+G6+H6 -> 41222875 | J6: =IFERROR(I6/E6,0) -> 10.780425 | K6: =IFERROR(C6/E6,0) -> 0.29035424 | L6: =I6/1000000 -> 41.222875 | M6: 1082391 | N6: 37883685 | O6: 3716275.5 | P6: 1848000 | Q6: 379023.74 | R6: 370779 | S6: =N6+P6+Q6+R6 -> 40481488 | T6: =IFERROR(S6/O6,0) -> 10.893027 | U6: =IFERROR(M6/O6,0) -> 0.29125693 | V6: =S6/1000000 -> 40.481488 | W6: =S6-I6 -> -741387.26 | X6: =T6-J6 -> 0.1126015 | Y6: =U6-K6 -> 0.00090269431
A7: มีนาคม | B7: Mar | C7: 1352019 | D7: 47320665 | E7: 4647498.7 | F7: 1850000 | G7: 0 | H7: 484291 | I7: =D7+F7+G7+H7 -> 49654956 | J7: =IFERROR(I7/E7,0) -> 10.684232 | K7: =IFERROR(C7/E7,0) -> 0.29091326 | L7: =I7/1000000 -> 49.654956 | M7: 1334871 | N7: 46720485 | O7: 4670596.9 | P7: 1848000 | Q7: 299.6 | R7: 321161 | S7: =N7+P7+Q7+R7 -> 48889946 | T7: =IFERROR(S7/O7,0) -> 10.467601 | U7: =IFERROR(M7/O7,0) -> 0.28580308 | V7: =S7/1000000 -> 48.889946 | W7: =S7-I7 -> -765010.4 | X7: =T7-J7 -> -0.21663139 | Y7: =U7-K7 -> -0.0051101817
A8: เมษายน | B8: Apr | C8: 1423929 | D8: 49837515 | E8: 4892890.5 | F8: 1850000 | G8: 20000 | H8: 525955 | I8: =D8+F8+G8+H8 -> 52233470 | J8: =IFERROR(I8/E8,0) -> 10.675381 | K8: =IFERROR(C8/E8,0) -> 0.29102 | L8: =I8/1000000 -> 52.23347 | M8: 1375203 | N8: 48132105 | O8: 4630957.3 | P8: 1848000 | Q8: 87381 | R8: 359561 | S8: =N8+P8+Q8+R8 -> 50427047 | T8: =IFERROR(S8/O8,0) -> 10.889119 | U8: =IFERROR(M8/O8,0) -> 0.29695869 | V8: =S8/1000000 -> 50.427047 | W8: =S8-I8 -> -1806423 | X8: =T8-J8 -> 0.21373846 | Y8: =U8-K8 -> 0.0059386858
A9: พฤษภาคม | B9: May | C9: 1338059 | D9: 46832065 | E9: 4595579.4 | F9: 1850000 | G9: 0 | H9: 544185 | I9: =D9+F9+G9+H9 -> 49226250 | J9: =IFERROR(I9/E9,0) -> 10.711653 | K9: =IFERROR(C9/E9,0) -> 0.2911622 | L9: =I9/1000000 -> 49.22625 | M9: 1245931 | N9: 43607585 | O9: 4301887 | P9: 1848000 | Q9: 20650 | R9: 331897 | S9: =N9+P9+Q9+R9 -> 45808132 | T9: =IFERROR(S9/O9,0) -> 10.648381 | U9: =IFERROR(M9/O9,0) -> 0.2896243 | V9: =S9/1000000 -> 45.808132 | W9: =S9-I9 -> -3418118 | X9: =T9-J9 -> -0.0632715 | Y9: =U9-K9 -> -0.0015378995
A10: มิถุนายน | B10: Jun | C10: 1130109 | D10: 39553815 | E10: 3894982 | F10: 1850000 | G10: 36016 | H10: 563841 | I10: =D10+F10+G10+H10 -> 42003672 | J10: =IFERROR(I10/E10,0) -> 10.784048 | K10: =IFERROR(C10/E10,0) -> 0.29014486 | L10: =I10/1000000 -> 42.003672 | M10: 1134880 | N10: 39720800 | O10: 3939876.7 | P10: 1848000 | Q10: 6715 | R10: 427853 | S10: =N10+P10+Q10+R10 -> 42003368 | T10: =IFERROR(S10/O10,0) -> 10.661087 | U10: =IFERROR(M10/O10,0) -> 0.28804962 | V10: =S10/1000000 -> 42.003368 | W10: =S10-I10 -> -304 | X10: =T10-J10 -> -0.12296085 | Y10: =U10-K10 -> -0.0020952347
A11: กรกฎาคม | B11: Jul | C11: 1237505 | D11: 43312675 | E11: 4260420.9 | F11: 1849000 | G11: 83883 | H11: 515374 | I11: =D11+F11+G11+H11 -> 45760932 | J11: =IFERROR(I11/E11,0) -> 10.740942 | K11: =IFERROR(C11/E11,0) -> 0.29046543 | L11: =I11/1000000 -> 45.760932 | M11: 1152470 | N11: 40336450 | O11: 3883957.5 | P11: 1848000 | Q11: 179 | R11: 447003 | S11: =N11+P11+Q11+R11 -> 42631632 | T11: =IFERROR(S11/O11,0) -> 10.976338 | U11: =IFERROR(M11/O11,0) -> 0.2967257 | V11: =S11/1000000 -> 42.631632 | W11: =S11-I11 -> -3129300 | X11: =T11-J11 -> 0.23539686 | Y11: =U11-K11 -> 0.0062602653
A12: สิงหาคม | B12: Aug | C12: 1355800 | D12: 47453000 | E12: 5011388.9 | F12: 1849000 | G12: 13000 | H12: 533843 | I12: =D12+F12+G12+H12 -> 49848843 | J12: =IFERROR(I12/E12,0) -> 9.9471113 | K12: =IFERROR(C12/E12,0) -> 0.27054376 | L12: =I12/1000000 -> 49.848843 | M12: 1056446.8 | N12: 36975638 | O12: 3768636.1 | P12: 1848000 | Q12: 65820 | R12: 389529 | S12: =N12+P12+Q12+R12 -> 39278987 | T12: =IFERROR(S12/O12,0) -> 10.4226 | U12: =IFERROR(M12/O12,0) -> 0.28032603 | V12: =S12/1000000 -> 39.278987 | W12: =S12-I12 -> -10569856 | X12: =T12-J12 -> 0.47548893 | Y12: =U12-K12 -> 0.0097822728
A13: กันยายน | B13: Sep | C13: 1096326 | D13: 38371410 | E13: 3744024.9 | F13: 1849000 | G13: 86640 | H13: 403001 | I13: =D13+F13+G13+H13 -> 40710051 | J13: =IFERROR(I13/E13,0) -> 10.873339 | K13: =IFERROR(C13/E13,0) -> 0.29282017 | L13: =I13/1000000 -> 40.710051 | M13: 689541 | N13: 24133935 | O13: 2437076.9 | P13: 1848000 | Q13: 89000 | R13: 437840 | S13: =N13+P13+Q13+R13 -> 26508775 | T13: =IFERROR(S13/O13,0) -> 10.877283 | U13: =IFERROR(M13/O13,0) -> 0.28293773 | V13: =S13/1000000 -> 26.508775 | W13: =S13-I13 -> -14201276 | X13: =T13-J13 -> 0.003944202 | Y13: =U13-K13 -> -0.0098824404
A14: ตุลาคม | B14: Oct | C14: 1050478 | D14: 36766730 | E14: 3708245.9 | F14: 1849000 | G14: 6430 | H14: 357345 | I14: =D14+F14+G14+H14 -> 38979505 | J14: =IFERROR(I14/E14,0) -> 10.511575 | K14: =IFERROR(C14/E14,0) -> 0.28328165 | L14: =I14/1000000 -> 38.979505 | M14: 580650 | N14: 20322750 | O14: 2009742.7 | P14: 1848000 | Q14: 2960 | R14: 504179 | S14: =N14+P14+Q14+R14 -> 22677889 | T14: =IFERROR(S14/O14,0) -> 11.283976 | U14: =IFERROR(M14/O14,0) -> 0.28891758 | V14: =S14/1000000 -> 22.677889 | W14: =S14-I14 -> -16301616 | X14: =T14-J14 -> 0.77240127 | Y14: =U14-K14 -> 0.005635936
A15: พฤศจิกายน | B15: Nov | C15: 978803 | D15: 34258105 | E15: 3285198.5 | F15: 1849000 | G15: 40460 | H15: 405798 | I15: =D15+F15+G15+H15 -> 36553363 | J15: =IFERROR(I15/E15,0) -> 11.126683 | K15: =IFERROR(C15/E15,0) -> 0.29794334 | L15: =I15/1000000 -> 36.553363 | M15: 262273.42 | N15: 9179569.7 | O15: 911185.7 | P15: 1848000 | Q15: 1009829.5 | R15: 526148 | S15: =N15+P15+Q15+R15 -> 12563547 | T15: =IFERROR(S15/O15,0) -> 13.78813 | U15: =IFERROR(M15/O15,0) -> 0.28783751 | V15: =S15/1000000 -> 12.563547 | W15: =S15-I15 -> -23989816 | X15: =T15-J15 -> 2.6614472 | Y15: =U15-K15 -> -0.010105829
A16: ธันวาคม | B16: Dec | C16: 1046974 | D16: 36644090 | E16: 3600948.8 | F16: 1849000 | G16: 17645 | H16: 283965 | I16: =D16+F16+G16+H16 -> 38794700 | J16: =IFERROR(I16/E16,0) -> 10.773466 | K16: =IFERROR(C16/E16,0) -> 0.29074948 | L16: =I16/1000000 -> 38.7947 | M16: 321539 | N16: 11253865 | O16: 1115485.2 | P16: 1848000 | Q16: 3300 | R16: 429529 | S16: =N16+P16+Q16+R16 -> 13534694 | T16: =IFERROR(S16/O16,0) -> 12.133459 | U16: =IFERROR(M16/O16,0) -> 0.28825035 | V16: =S16/1000000 -> 13.534694 | W16: =S16-I16 -> -25260006 | X16: =T16-J16 -> 1.3599929 | Y16: =U16-K16 -> -0.0024991319
A17: รวม | B17: Total | C17: =SUM(C5:C16) -> 14192874 | D17: =SUM(D5:D16) -> 496750590 | E17: =SUM(E5:E16) -> 49151176 | F17: =SUM(F5:F16) -> 22194000 | G17: =SUM(G5:G16) -> 325294 | H17: =SUM(H5:H16) -> 5540104 | I17: =SUM(I5:I16) -> 524809988 | J17: =IFERROR(I17/E17,0) -> 10.677466 | K17: =IFERROR(C17/E17,0) -> 0.2887596 | L17: =SUM(L5:L16) -> 524.80999 | M17: =SUM(M5:M16) -> 11405723 | N17: =SUM(N5:N16) -> 3.9920031e+08 | O17: =SUM(O5:O16) -> 39377866 | P17: =SUM(P5:P16) -> 22176000 | Q17: =SUM(Q5:Q16) -> 1665157.9 | R17: =SUM(R5:R16) -> 4868950 | S17: =SUM(S5:S16) -> 4.2791042e+08 | T17: =IFERROR(S17/O17,0) -> 10.866775 | U17: =IFERROR(M17/O17,0) -> 0.28964808 | V17: =SUM(V5:V16) -> 427.91042 | W17: =SUM(W5:W16) -> -96899567 | X17: =T17-J17 -> 0.18930988 | Y17: =U17-K17 -> 0.00088848089

Sheet Summary_Improvement ปึ 67 vs 68
A1: Annual KPI Summary
A3: Metric | B3: 2567 | C3: 2568 | D3: Δ (2568-2567) | E3: %Δ vs 2567
A4: Energy (GWh) | B4: =Inputs!E17/1000000 -> 49.151176 | C4: =Inputs!O17/1000000 -> 39.377866 | D4: =C4-B4 -> -9.7733105 | E4: =IFERROR(D4/B4,0) -> -0.19884184
A5: Fuel (Million L) | B5: =Inputs!C17/1000000 -> 14.192874 | C5: =Inputs!M17/1000000 -> 11.405723 | D5: =C5-B5 -> -2.7871508 | E5: =IFERROR(D5/B5,0) -> -0.19637677
A6: Fuel cost (Million THB) | B6: =Inputs!D17/1000000 -> 496.75059 | C6: =Inputs!N17/1000000 -> 399.20031 | D6: =C6-B6 -> -97.550277 | E6: =IFERROR(D6/B6,0) -> -0.19637677
A7: Rental (Million THB) | B7: =Inputs!F17/1000000 -> 22.194 | C7: =Inputs!P17/1000000 -> 22.176 | D7: =C7-B7 -> -0.018 | E7: =IFERROR(D7/B7,0) -> -0.00081103001
A8: Maintenance (Million THB) | B8: =Inputs!G17/1000000 -> 0.325294 | C8: =Inputs!Q17/1000000 -> 1.6651579 | D8: =C8-B8 -> 1.3398639 | E8: =IFERROR(D8/B8,0) -> 4.118932
A9: Other (Million THB) | B9: =Inputs!H17/1000000 -> 5.540104 | C9: =Inputs!R17/1000000 -> 4.86895 | D9: =C9-B9 -> -0.671154 | E9: =IFERROR(D9/B9,0) -> -0.12114466
A10: Total cost (Million THB) | B10: =Inputs!I17/1000000 -> 524.80999 | C10: =Inputs!S17/1000000 -> 427.91042 | D10: =C10-B10 -> -96.899567 | E10: =IFERROR(D10/B10,0) -> -0.18463743
A11: All-in cost (THB/kWh) | B11: =Inputs!J17 -> 10.677466 | C11: =Inputs!T17 -> 10.866775 | D11: =C11-B11 -> 0.18930988 | E11: =IFERROR(D11/B11,0) -> 0.017729852
A12: Fuel intensity (L/kWh) | B12: =Inputs!K17 -> 0.2887596 | C12: =Inputs!U17 -> 0.28964808 | D12: =C12-B12 -> 0.00088848089 | E12: =IFERROR(D12/B12,0) -> 0.0030768878

Sheet Charts
A1: Standard Value Charts (2567 vs 2568)
A60: 4) Cost Breakdown (Annual, Million THB)
A62: Year | B62: Fuel | C62: Rental | D62: Maintenance | E62: Other
A63: 2567 | B63: =Inputs!D17/1000000 -> 496.75059 | C63: =Inputs!F17/1000000 -> 22.194 | D63: =Inputs!G17/1000000 -> 0.325294 | E63: =Inputs!H17/1000000 -> 5.540104
A64: 2568 | B64: =Inputs!N17/1000000 -> 399.20031 | C64: =Inputs!P17/1000000 -> 22.176 | D64: =Inputs!Q17/1000000 -> 1.6651579 | E64: =Inputs!R17/1000000 -> 4.86895
